{"cameraMode":{"drawMode":0,"name":"Shaded","section":"Shading Mode"},"sceneLighting":true,"audioPlay":false,"sceneViewState":{"showFog":false,"showMaterialUpdate":false,"showSkybox":false,"showFlares":false,"showImageEffects":false,"showParticleSystems":false},"in2DMode":false,"pivot":{"x":0.3981984555721283,"y":-4.583309173583984,"z":13.709250450134278},"rotation":{"x":0.17047521471977235,"y":0.000307595037156716,"z":-0.00004228910620440729,"w":0.9853746294975281},"size":17.079669952392579,"orthographic":false}