{"cameraMode":{"drawMode":0,"name":"Shaded","section":"Shading Mode"},"sceneLighting":false,"audioPlay":false,"sceneViewState":{"showFog":false,"showMaterialUpdate":false,"showSkybox":false,"showFlares":false,"showImageEffects":false,"showParticleSystems":false},"in2DMode":false,"pivot":{"x":-0.05745077133178711,"y":0.6041032671928406,"z":-0.32369399070739748},"rotation":{"x":-0.009108166210353375,"y":-0.9893336296081543,"z":0.12713824212551118,"w":-0.07074977457523346},"size":1.0413368940353394,"orthographic":false}