{"cameraMode":{"drawMode":0,"name":"Shaded","section":"Shading Mode"},"sceneLighting":true,"audioPlay":false,"sceneViewState":{"showFog":false,"showMaterialUpdate":false,"showSkybox":false,"showFlares":false,"showImageEffects":false,"showParticleSystems":false},"in2DMode":false,"pivot":{"x":21.817363739013673,"y":-11.734557151794434,"z":-11.538105964660645},"rotation":{"x":0.18214893341064454,"y":0.6252038478851318,"z":-0.15319626033306123,"w":0.743304967880249},"size":15.640365600585938,"orthographic":false}