{"cameraMode":{"drawMode":0,"name":"Shaded","section":"Shading Mode"},"sceneLighting":false,"audioPlay":false,"sceneViewState":{"showFog":true,"showMaterialUpdate":false,"showSkybox":false,"showFlares":true,"showImageEffects":true,"showParticleSystems":true},"in2DMode":false,"pivot":{"x":0.7416355609893799,"y":1.8288464546203614,"z":-5.152139663696289},"rotation":{"x":-0.3482847213745117,"y":-0.019128356128931047,"z":0.0071039870381355289,"w":-0.9371923804283142},"size":0.4699167013168335,"orthographic":false}