{"cameraMode":{"drawMode":0,"name":"Shaded","section":"Shading Mode"},"sceneLighting":false,"audioPlay":false,"sceneViewState":{"showFog":true,"showMaterialUpdate":false,"showSkybox":false,"showFlares":true,"showImageEffects":true,"showParticleSystems":true},"in2DMode":false,"pivot":{"x":-0.6978616118431091,"y":-0.20661568641662599,"z":-3.0655746459960939},"rotation":{"x":0.5138649940490723,"y":0.07215623557567597,"z":-0.04342128336429596,"w":0.8537490367889404},"size":2.0048060417175295,"orthographic":false}