{"cameraMode":{"drawMode":0,"name":"Shaded","section":"Shading Mode"},"sceneLighting":false,"audioPlay":false,"sceneViewState":{"showFog":true,"showMaterialUpdate":false,"showSkybox":false,"showFlares":true,"showImageEffects":true,"showParticleSystems":true},"in2DMode":false,"pivot":{"x":1.080759048461914,"y":1.4354684352874756,"z":-3.8131065368652345},"rotation":{"x":0.09038523584604263,"y":-0.9092384576797485,"z":0.3011184334754944,"w":0.2729228138923645},"size":1.8103289604187012,"orthographic":false}