{"cameraMode":{"drawMode":0,"name":"Shaded","section":"Shading Mode"},"sceneLighting":false,"audioPlay":false,"sceneViewState":{"showFog":true,"showMaterialUpdate":false,"showSkybox":false,"showFlares":true,"showImageEffects":true,"showParticleSystems":true},"in2DMode":false,"pivot":{"x":-0.4400787353515625,"y":0.6913056373596191,"z":-0.7848354578018189},"rotation":{"x":0.00009659285569796339,"y":0.9974318742752075,"z":-0.07224872708320618,"w":0.0014746709493920208},"size":0.7413368821144104,"orthographic":false}