{"cameraMode":{"drawMode":0,"name":"Shaded","section":"Shading Mode"},"sceneLighting":true,"audioPlay":false,"sceneViewState":{"showFog":true,"showMaterialUpdate":false,"showSkybox":true,"showFlares":true,"showImageEffects":true,"showParticleSystems":true},"in2DMode":false,"pivot":{"x":0.597815990447998,"y":-51.93709945678711,"z":31.205799102783204},"rotation":{"x":-0.44046902656555178,"y":-0.027217840775847436,"z":0.01342072058469057,"w":-0.8973438739776611},"size":38.743892669677737,"orthographic":false}