{"cameraMode":{"drawMode":0,"name":"Shaded","section":"Shading Mode"},"sceneLighting":false,"audioPlay":false,"sceneViewState":{"showFog":true,"showMaterialUpdate":false,"showSkybox":false,"showFlares":true,"showImageEffects":true,"showParticleSystems":true},"in2DMode":false,"pivot":{"x":-1.030981421470642,"y":0.604264497756958,"z":-3.536500930786133},"rotation":{"x":0.50114506483078,"y":0.03541668877005577,"z":-0.02191738411784172,"w":0.8646804094314575},"size":1.3321561813354493,"orthographic":false}