{"cameraMode":{"drawMode":0,"name":"Shaded","section":"Shading Mode"},"sceneLighting":true,"audioPlay":false,"sceneViewState":{"showFog":true,"showMaterialUpdate":false,"showSkybox":true,"showFlares":true,"showImageEffects":true,"showParticleSystems":true},"in2DMode":false,"pivot":{"x":-6.326476097106934,"y":-23.980989456176759,"z":-352.70458984375},"rotation":{"x":0.0013828548835590482,"y":-0.9995669722557068,"z":0.036305639892816547,"w":0.007396996952593327},"size":172.68484497070313,"orthographic":false}