{"cameraMode":{"drawMode":0,"name":"Shaded","section":"Shading Mode"},"sceneLighting":true,"audioPlay":false,"sceneViewState":{"showFog":false,"showMaterialUpdate":false,"showSkybox":false,"showFlares":false,"showImageEffects":false,"showParticleSystems":false},"in2DMode":false,"pivot":{"x":6.530735015869141,"y":4.123054504394531,"z":-5.619873046875},"rotation":{"x":-0.34190234541893008,"y":-0.013970514759421349,"z":0.005412817467004061,"w":-0.939858615398407},"size":24.477296829223634,"orthographic":false}