{"cameraMode":{"drawMode":0,"name":"Shaded","section":"Shading Mode"},"sceneLighting":false,"audioPlay":false,"sceneViewState":{"showFog":true,"showMaterialUpdate":false,"showSkybox":false,"showFlares":true,"showImageEffects":true,"showParticleSystems":true},"in2DMode":false,"pivot":{"x":-0.8204505443572998,"y":0.8244603276252747,"z":-1.868483304977417},"rotation":{"x":-0.000020173656594124623,"y":0.9968873262405396,"z":-0.010846933349967003,"w":-0.08030801266431809},"size":1.341336965560913,"orthographic":false}