{"cameraMode":{"drawMode":0,"name":"Shaded","section":"Shading Mode"},"sceneLighting":false,"audioPlay":false,"sceneViewState":{"showFog":false,"showMaterialUpdate":false,"showSkybox":false,"showFlares":false,"showImageEffects":false,"showParticleSystems":false},"in2DMode":false,"pivot":{"x":486.0845947265625,"y":1423.7740478515625,"z":-120.59538269042969},"rotation":{"x":-0.17660963535308839,"y":0.06796017289161682,"z":-0.011855299584567547,"w":-0.9820927977561951},"size":218.88502502441407,"orthographic":false}