{"cameraMode":{"drawMode":0,"name":"Shaded","section":"Shading Mode"},"sceneLighting":true,"audioPlay":false,"sceneViewState":{"showFog":true,"showMaterialUpdate":false,"showSkybox":true,"showFlares":true,"showImageEffects":true,"showParticleSystems":true},"in2DMode":false,"pivot":{"x":27.953134536743165,"y":-18.59003448486328,"z":-16.1502742767334},"rotation":{"x":0.13873814046382905,"y":0.8144068717956543,"z":-0.21800287067890168,"w":0.5200137495994568},"size":24.389751434326173,"orthographic":false}